id,experiment_type,target_container,start_time,end_time,parameters,notes
1,container_kill,sentinel-catalogue-1,2026-07-23 11:00:57.113729+00,2026-07-23 11:01:03.100709+00,{},docker compose restart
2,cpu_stress,sentinel-catalogue-1,2026-07-23 11:01:33.13136+00,2026-07-23 11:02:33.678496+00,"{""duration_seconds"": 60}",Infinite loop stress via shell
3,network_delay,sentinel-catalogue-1,2026-07-23 11:03:03.690996+00,2026-07-23 11:04:08.725862+00,"{""delay_ms"": 200, ""duration_seconds"": 60}",Pumba netem delay
4,packet_loss,sentinel-catalogue-1,2026-07-23 11:04:38.743377+00,2026-07-23 11:05:43.771851+00,"{""loss_percent"": 30, ""duration_seconds"": 60}",Pumba netem loss
5,container_kill,sentinel-catalogue-1,2026-07-23 11:19:17.147017+00,2026-07-23 11:19:27.971989+00,{},
6,packet_loss,sentinel-shipping-1,2026-07-23 12:03:11.985887+00,2026-07-23 12:04:47.080367+00,"{""loss_percent"": 40, ""duration_seconds"": 90}",
7,packet_loss,sentinel-catalogue-1,2026-07-23 13:31:05.180936+00,2026-07-23 13:32:40.250446+00,"{""loss_percent"": 40, ""duration_seconds"": 90}",
8,network_delay,sentinel-catalogue-1,2026-07-23 14:48:28.429225+00,2026-07-23 14:50:03.518359+00,"{""delay_ms"": 300, ""duration_seconds"": 90}",
9,container_kill,sentinel-catalogue-1,2026-07-23 15:30:09.646298+00,2026-07-23 15:30:20.817695+00,{},
10,container_kill,sentinel-catalogue-1,2026-07-23 16:26:26.017332+00,2026-07-23 16:26:57.472909+00,{},
11,network_delay,sentinel-catalogue-1,2026-07-23 20:14:33.881706+00,2026-07-23 20:16:09.236274+00,"{""delay_ms"": 300, ""duration_seconds"": 90}",
12,network_delay,sentinel-orders-1,2026-07-23 21:09:38.738523+00,2026-07-23 21:11:17.853433+00,"{""delay_ms"": 300, ""duration_seconds"": 90}",
13,container_kill,sentinel-front-end-1,2026-07-23 22:10:55.008739+00,2026-07-23 22:11:09.14663+00,{},
14,container_kill,sentinel-front-end-1,2026-07-23 23:31:49.081579+00,2026-07-23 23:32:01.523218+00,{},
15,cpu_stress,sentinel-catalogue-1,2026-07-24 00:59:14.61103+00,2026-07-24 01:01:14.780252+00,"{""duration_seconds"": 90}",
16,network_delay,sentinel-catalogue-1,2026-07-24 01:52:09.951751+00,2026-07-24 01:53:45.02156+00,"{""delay_ms"": 300, ""duration_seconds"": 90}",
17,cpu_stress,sentinel-payment-1,2026-07-24 03:07:30.73292+00,2026-07-24 03:09:38.496894+00,"{""duration_seconds"": 90}",
18,container_kill,sentinel-catalogue-1,2026-07-24 04:06:53.679026+00,2026-07-24 04:07:04.785579+00,{},
19,packet_loss,sentinel-shipping-1,2026-07-24 05:35:49.020245+00,2026-07-24 05:37:36.551091+00,"{""loss_percent"": 40, ""duration_seconds"": 90}",
20,packet_loss,sentinel-orders-1,2026-07-24 06:24:47.862093+00,2026-07-24 06:26:23.013292+00,"{""loss_percent"": 40, ""duration_seconds"": 90}",
21,network_delay,sentinel-catalogue-1,2026-07-24 07:26:58.328214+00,2026-07-24 07:28:33.529013+00,"{""delay_ms"": 300, ""duration_seconds"": 90}",
22,network_delay,sentinel-carts-1,2026-07-24 08:08:05.690715+00,2026-07-24 08:09:43.930508+00,"{""delay_ms"": 300, ""duration_seconds"": 90}",
23,container_kill,sentinel-front-end-1,2026-07-24 09:09:53.897227+00,2026-07-24 09:10:43.373597+00,{},
24,container_kill,sentinel-payment-1,2026-07-24 10:06:29.157248+00,2026-07-24 10:06:41.649632+00,{},
25,network_delay,sentinel-payment-1,2026-07-24 11:16:57.90067+00,2026-07-24 11:18:34.612699+00,"{""delay_ms"": 300, ""duration_seconds"": 90}",
26,cpu_stress,sentinel-front-end-1,2026-07-24 12:29:01.897246+00,2026-07-24 12:30:56.803023+00,"{""duration_seconds"": 90}",
27,container_kill,sentinel-payment-1,2026-07-24 13:50:45.51029+00,2026-07-24 13:51:14.056491+00,{},
28,container_kill,sentinel-orders-1,2026-07-24 15:01:21.181598+00,2026-07-24 15:01:36.069456+00,{},
29,network_delay,sentinel-orders-1,2026-07-24 16:03:59.274104+00,2026-07-24 16:06:29.336314+00,"{""delay_ms"": 300, ""duration_seconds"": 90}",
30,container_kill,sentinel-payment-1,2026-07-24 17:22:54.720092+00,2026-07-24 17:23:10.096997+00,{},
31,network_delay,sentinel-front-end-1,2026-07-24 17:57:36.837732+00,2026-07-24 17:59:51.447349+00,"{""delay_ms"": 300, ""duration_seconds"": 90}",
32,network_delay,sentinel-carts-1,2026-07-24 18:32:22.742418+00,2026-07-24 18:34:21.485854+00,"{""delay_ms"": 300, ""duration_seconds"": 90}",
33,cpu_stress,sentinel-shipping-1,2026-07-24 19:52:54.492246+00,2026-07-24 19:54:33.524086+00,"{""duration_seconds"": 90}",
34,cpu_stress,sentinel-carts-1,2026-07-24 20:34:48.097118+00,2026-07-24 20:36:30.296583+00,"{""duration_seconds"": 90}",
35,cpu_stress,sentinel-payment-1,2026-07-24 21:15:29.66466+00,2026-07-24 21:17:03.596668+00,"{""duration_seconds"": 90}",
36,container_kill,sentinel-catalogue-1,2026-07-24 21:47:49.041564+00,2026-07-24 21:48:08.655639+00,{},
37,container_kill,sentinel-orders-1,2026-07-24 22:53:33.200263+00,2026-07-24 22:53:47.488441+00,{},
38,network_delay,sentinel-catalogue-1,2026-07-25 00:03:52.38797+00,2026-07-25 00:05:27.578886+00,"{""delay_ms"": 300, ""duration_seconds"": 90}",
39,packet_loss,sentinel-carts-1,2026-07-25 01:19:23.320613+00,2026-07-25 01:21:01.53823+00,"{""loss_percent"": 40, ""duration_seconds"": 90}",
40,network_delay,sentinel-orders-1,2026-07-25 02:10:21.269134+00,2026-07-25 02:12:19.465075+00,"{""delay_ms"": 300, ""duration_seconds"": 90}",
74,cpu_stress,sentinel-front-end-1,2026-07-25 03:32:49.130827+00,2026-07-25 03:34:23.858823+00,"{""duration_seconds"": 90}",
75,network_delay,sentinel-carts-1,2026-07-25 04:37:27.181671+00,2026-07-25 04:39:03.0474+00,"{""delay_ms"": 300, ""duration_seconds"": 90}",
76,cpu_stress,sentinel-catalogue-1,2026-07-25 05:34:30.300718+00,2026-07-25 05:36:04.252432+00,"{""duration_seconds"": 90}",
77,cpu_stress,sentinel-carts-1,2026-07-25 06:49:11.911104+00,2026-07-25 06:51:29.916202+00,"{""duration_seconds"": 90}",
78,network_delay,sentinel-shipping-1,2026-07-25 07:47:58.100463+00,2026-07-25 07:49:37.591375+00,"{""delay_ms"": 300, ""duration_seconds"": 90}",
79,network_delay,sentinel-carts-1,2026-07-25 08:44:51.190773+00,2026-07-25 08:46:31.73585+00,"{""delay_ms"": 300, ""duration_seconds"": 90}",
80,cpu_stress,sentinel-payment-1,2026-07-25 10:03:55.38503+00,2026-07-25 10:05:49.36869+00,"{""duration_seconds"": 90}",
81,packet_loss,sentinel-shipping-1,2026-07-25 11:21:54.219099+00,2026-07-25 11:23:30.000728+00,"{""loss_percent"": 40, ""duration_seconds"": 90}",
82,network_delay,sentinel-carts-1,2026-07-25 11:55:31.148467+00,2026-07-25 11:57:17.841625+00,"{""delay_ms"": 300, ""duration_seconds"": 90}",
83,cpu_stress,sentinel-orders-1,2026-07-25 12:44:03.114362+00,2026-07-25 12:45:48.92268+00,"{""duration_seconds"": 90}",
84,container_kill,sentinel-carts-1,2026-07-25 13:36:26.531428+00,2026-07-25 13:36:41.463566+00,{},
85,cpu_stress,sentinel-front-end-1,2026-07-25 14:21:02.754426+00,2026-07-25 14:23:03.376726+00,"{""duration_seconds"": 90}",
86,network_delay,sentinel-carts-1,2026-07-25 15:13:04.72651+00,2026-07-25 15:14:40.047322+00,"{""delay_ms"": 300, ""duration_seconds"": 90}",
87,packet_loss,sentinel-catalogue-1,2026-07-25 15:56:25.896033+00,2026-07-25 15:58:21.544868+00,"{""loss_percent"": 40, ""duration_seconds"": 90}",
88,cpu_stress,sentinel-payment-1,2026-07-25 16:56:05.045261+00,2026-07-25 16:58:06.235615+00,"{""duration_seconds"": 90}",
89,container_kill,sentinel-payment-1,2026-07-25 17:38:02.431057+00,2026-07-25 17:38:16.933403+00,{},
90,network_delay,sentinel-front-end-1,2026-07-25 18:41:17.874119+00,2026-07-25 18:42:53.252187+00,"{""delay_ms"": 300, ""duration_seconds"": 90}",
91,container_kill,sentinel-catalogue-1,2026-07-25 19:34:59.296684+00,2026-07-25 19:35:27.283702+00,{},
92,network_delay,sentinel-catalogue-1,2026-07-25 20:54:25.02853+00,2026-07-25 20:56:00.196879+00,"{""delay_ms"": 300, ""duration_seconds"": 90}",
41,cpu_stress,sentinel-front-end-1,2026-07-25 03:31:12.367141+00,2026-07-25 03:32:42.367141+00,"{""duration_seconds"": 90}",
152,container_kill,sentinel-payment-1,2026-08-04 15:54:20.466123+00,2026-08-04 15:54:31.787267+00,{},
93,packet_loss,sentinel-payment-1,2026-07-25 21:45:42.410674+00,2026-07-25 21:47:20.440546+00,"{""loss_percent"": 40, ""duration_seconds"": 90}",
94,container_kill,sentinel-catalogue-1,2026-07-25 22:22:25.182168+00,2026-07-25 22:22:48.655081+00,{},
95,container_kill,sentinel-front-end-1,2026-07-25 23:29:00.809233+00,2026-07-25 23:29:20.646516+00,{},
96,cpu_stress,sentinel-carts-1,2026-07-26 00:03:10.48214+00,2026-07-26 00:04:52.057891+00,"{""duration_seconds"": 90}",
97,container_kill,sentinel-catalogue-1,2026-07-26 00:41:04.176068+00,2026-07-26 00:41:21.838585+00,{},
98,container_kill,sentinel-orders-1,2026-07-26 01:21:07.739167+00,2026-07-26 01:21:31.994804+00,{},
99,network_delay,sentinel-catalogue-1,2026-07-26 02:44:54.335962+00,2026-07-26 02:46:29.391273+00,"{""delay_ms"": 300, ""duration_seconds"": 90}",
100,cpu_stress,sentinel-payment-1,2026-07-26 03:29:47.606507+00,2026-07-26 03:31:18.963398+00,"{""duration_seconds"": 90}",
101,packet_loss,sentinel-catalogue-1,2026-07-26 04:51:53.345466+00,2026-07-26 04:53:28.464025+00,"{""loss_percent"": 40, ""duration_seconds"": 90}",
102,container_kill,sentinel-payment-1,2026-07-26 06:01:10.323833+00,2026-07-26 06:01:26.3711+00,{},
103,cpu_stress,sentinel-shipping-1,2026-07-26 06:37:15.901498+00,2026-07-26 06:38:50.741182+00,"{""duration_seconds"": 90}",
104,cpu_stress,sentinel-shipping-1,2026-07-26 08:01:07.361456+00,2026-07-26 08:03:02.962241+00,"{""duration_seconds"": 90}",
105,network_delay,sentinel-payment-1,2026-07-26 08:52:07.21946+00,2026-07-26 08:54:10.538508+00,"{""delay_ms"": 300, ""duration_seconds"": 90}",
106,packet_loss,sentinel-catalogue-1,2026-07-26 10:14:17.760482+00,2026-07-26 10:16:04.99622+00,"{""loss_percent"": 40, ""duration_seconds"": 90}",
107,cpu_stress,sentinel-orders-1,2026-07-26 10:53:44.132946+00,2026-07-26 10:55:22.125145+00,"{""duration_seconds"": 90}",
108,cpu_stress,sentinel-payment-1,2026-07-26 11:47:26.532926+00,2026-07-26 11:48:59.397137+00,"{""duration_seconds"": 90}",
109,packet_loss,sentinel-front-end-1,2026-07-26 13:03:38.76609+00,2026-07-26 13:05:22.331136+00,"{""loss_percent"": 40, ""duration_seconds"": 90}",
110,cpu_stress,sentinel-catalogue-1,2026-07-26 13:51:05.16733+00,2026-07-26 13:53:11.823182+00,"{""duration_seconds"": 90}",
111,network_delay,sentinel-catalogue-1,2026-07-26 15:03:19.012839+00,2026-07-26 15:05:16.668304+00,"{""delay_ms"": 300, ""duration_seconds"": 90}",
112,container_kill,sentinel-shipping-1,2026-07-26 15:37:12.585495+00,2026-07-26 15:37:27.637763+00,{},
113,cpu_stress,sentinel-carts-1,2026-07-26 16:26:33.100067+00,2026-07-26 16:28:24.013064+00,"{""duration_seconds"": 90}",
114,cpu_stress,sentinel-front-end-1,2026-07-26 17:13:58.356094+00,2026-07-26 17:15:35.311597+00,"{""duration_seconds"": 90}",
115,network_delay,sentinel-orders-1,2026-07-26 18:42:27.087372+00,2026-07-26 18:44:02.640339+00,"{""delay_ms"": 300, ""duration_seconds"": 90}",
116,container_kill,sentinel-shipping-1,2026-07-26 19:37:04.320892+00,2026-07-26 19:37:42.761257+00,{},
117,cpu_stress,sentinel-catalogue-1,2026-07-26 20:24:56.43552+00,2026-07-26 20:26:43.819212+00,"{""duration_seconds"": 90}",
118,packet_loss,sentinel-payment-1,2026-07-26 21:45:29.231848+00,2026-07-26 21:47:04.29431+00,"{""loss_percent"": 40, ""duration_seconds"": 90}",
119,packet_loss,sentinel-carts-1,2026-07-26 22:51:44.93959+00,2026-07-26 22:53:33.937596+00,"{""loss_percent"": 40, ""duration_seconds"": 90}",
120,cpu_stress,sentinel-carts-1,2026-07-26 23:50:08.999241+00,2026-07-26 23:52:14.448482+00,"{""duration_seconds"": 90}",
121,packet_loss,sentinel-shipping-1,2026-07-27 00:52:56.747946+00,2026-07-27 00:54:45.766256+00,"{""loss_percent"": 40, ""duration_seconds"": 90}",
122,container_kill,sentinel-orders-1,2026-07-27 02:00:20.643046+00,2026-07-27 02:01:02.80659+00,{},
123,packet_loss,sentinel-payment-1,2026-07-27 03:24:28.372381+00,2026-07-27 03:26:20.755905+00,"{""loss_percent"": 40, ""duration_seconds"": 90}",
124,packet_loss,sentinel-orders-1,2026-07-27 04:05:20.037538+00,2026-07-27 04:07:34.553941+00,"{""loss_percent"": 40, ""duration_seconds"": 90}",
125,packet_loss,sentinel-carts-1,2026-07-27 04:43:47.077714+00,2026-07-27 04:45:34.004244+00,"{""loss_percent"": 40, ""duration_seconds"": 90}",
126,network_delay,sentinel-shipping-1,2026-07-27 05:30:09.912598+00,2026-07-27 05:31:54.022191+00,"{""delay_ms"": 300, ""duration_seconds"": 90}",
127,packet_loss,sentinel-catalogue-1,2026-07-27 06:29:55.183527+00,2026-07-27 06:31:36.813508+00,"{""loss_percent"": 40, ""duration_seconds"": 90}",
128,cpu_stress,sentinel-carts-1,2026-07-27 07:47:09.314946+00,2026-07-27 07:48:55.226422+00,"{""duration_seconds"": 90}",
129,cpu_stress,sentinel-shipping-1,2026-08-03 10:23:51.272523+00,2026-08-03 10:25:23.903917+00,"{""duration_seconds"": 90}",
130,cpu_stress,sentinel-carts-1,2026-08-03 11:48:35.940834+00,2026-08-03 11:50:21.883898+00,"{""duration_seconds"": 90}",
131,network_delay,sentinel-front-end-1,2026-08-03 17:35:55.071332+00,2026-08-03 17:37:30.330085+00,"{""delay_ms"": 300, ""duration_seconds"": 90}",
132,network_delay,sentinel-orders-1,2026-08-03 18:51:32.351143+00,2026-08-03 18:53:11.713688+00,"{""delay_ms"": 300, ""duration_seconds"": 90}",
133,container_kill,sentinel-payment-1,2026-08-03 20:22:47.880427+00,2026-08-03 20:23:07.805077+00,{},
134,network_delay,sentinel-catalogue-1,2026-08-03 21:47:41.123768+00,2026-08-03 21:49:16.510898+00,"{""delay_ms"": 300, ""duration_seconds"": 90}",
135,network_delay,sentinel-shipping-1,2026-08-03 23:51:33.273581+00,2026-08-03 23:53:11.509675+00,"{""delay_ms"": 300, ""duration_seconds"": 90}",
136,cpu_stress,sentinel-payment-1,2026-08-04 00:37:39.477875+00,2026-08-04 00:39:12.42936+00,"{""duration_seconds"": 90}",
137,network_delay,sentinel-shipping-1,2026-08-04 01:25:24.564095+00,2026-08-04 01:27:10.400602+00,"{""delay_ms"": 300, ""duration_seconds"": 90}",
138,packet_loss,sentinel-carts-1,2026-08-04 01:57:45.179661+00,2026-08-04 01:59:20.286416+00,"{""loss_percent"": 40, ""duration_seconds"": 90}",
139,packet_loss,sentinel-payment-1,2026-08-04 03:12:45.470148+00,2026-08-04 03:14:20.577767+00,"{""loss_percent"": 40, ""duration_seconds"": 90}",
140,cpu_stress,sentinel-catalogue-1,2026-08-04 04:41:01.852743+00,2026-08-04 04:43:10.670606+00,"{""duration_seconds"": 90}",
141,network_delay,sentinel-shipping-1,2026-08-04 06:10:47.181341+00,2026-08-04 06:12:22.622341+00,"{""delay_ms"": 300, ""duration_seconds"": 90}",
142,cpu_stress,sentinel-payment-1,2026-08-04 07:15:30.895952+00,2026-08-04 07:17:47.972113+00,"{""duration_seconds"": 90}",
143,cpu_stress,sentinel-front-end-1,2026-08-04 08:44:12.227631+00,2026-08-04 08:45:48.673881+00,"{""duration_seconds"": 90}",
144,cpu_stress,sentinel-shipping-1,2026-08-04 09:23:04.896209+00,2026-08-04 09:24:49.304762+00,"{""duration_seconds"": 90}",
145,packet_loss,sentinel-catalogue-1,2026-08-04 10:01:44.617333+00,2026-08-04 10:03:19.740203+00,"{""loss_percent"": 40, ""duration_seconds"": 90}",
146,cpu_stress,sentinel-front-end-1,2026-08-04 10:58:04.185613+00,2026-08-04 10:59:37.027252+00,"{""duration_seconds"": 90}",
147,network_delay,sentinel-carts-1,2026-08-04 11:04:23.379436+00,2026-08-04 11:05:58.435486+00,"{""delay_ms"": 300, ""duration_seconds"": 90}",
148,network_delay,sentinel-catalogue-1,2026-08-04 12:23:41.533922+00,2026-08-04 12:25:16.658901+00,"{""delay_ms"": 300, ""duration_seconds"": 90}",
149,network_delay,sentinel-catalogue-1,2026-08-04 13:40:46.866265+00,2026-08-04 13:42:21.986479+00,"{""delay_ms"": 300, ""duration_seconds"": 90}",
150,network_delay,sentinel-orders-1,2026-08-04 14:36:02.124781+00,2026-08-04 14:37:37.22315+00,"{""delay_ms"": 300, ""duration_seconds"": 90}",
151,cpu_stress,sentinel-shipping-1,2026-08-04 15:10:57.371668+00,2026-08-04 15:12:30.351944+00,"{""duration_seconds"": 90}",
153,cpu_stress,sentinel-carts-1,2026-08-04 16:46:03.870741+00,2026-08-04 16:47:39.877079+00,"{""duration_seconds"": 90}",
154,cpu_stress,sentinel-orders-1,2026-08-04 17:51:41.005343+00,2026-08-04 17:53:13.066255+00,"{""duration_seconds"": 90}",
155,cpu_stress,sentinel-payment-1,2026-08-04 18:48:14.137302+00,2026-08-04 18:49:45.021013+00,"{""duration_seconds"": 90}",
156,network_delay,sentinel-orders-1,2026-08-04 19:36:35.063834+00,2026-08-04 19:38:10.099199+00,"{""delay_ms"": 300, ""duration_seconds"": 90}",
157,network_delay,sentinel-shipping-1,2026-08-04 20:12:09.108392+00,2026-08-04 20:13:44.131391+00,"{""delay_ms"": 300, ""duration_seconds"": 90}",
158,cpu_stress,sentinel-carts-1,2026-08-04 20:49:19.141933+00,2026-08-04 20:50:51.041968+00,"{""duration_seconds"": 90}",
159,container_kill,sentinel-shipping-1,2026-08-04 21:46:05.995512+00,2026-08-04 21:46:17.757676+00,{},
160,packet_loss,sentinel-shipping-1,2026-08-04 22:17:11.75709+00,2026-08-04 22:18:46.836492+00,"{""loss_percent"": 40, ""duration_seconds"": 90}",
161,cpu_stress,sentinel-orders-1,2026-08-04 23:04:48.814229+00,2026-08-04 23:06:20.5072+00,"{""duration_seconds"": 90}",
162,packet_loss,sentinel-front-end-1,2026-08-04 23:45:31.526135+00,2026-08-04 23:47:06.572929+00,"{""loss_percent"": 40, ""duration_seconds"": 90}",
163,cpu_stress,sentinel-catalogue-1,2026-08-05 01:11:25.574221+00,2026-08-05 01:12:56.539633+00,"{""duration_seconds"": 90}",
164,network_delay,sentinel-front-end-1,2026-08-05 02:34:19.528716+00,2026-08-05 02:35:54.60843+00,"{""delay_ms"": 300, ""duration_seconds"": 90}",
165,packet_loss,sentinel-carts-1,2026-08-05 04:01:15.611053+00,2026-08-05 04:02:50.679786+00,"{""loss_percent"": 40, ""duration_seconds"": 90}",
166,container_kill,sentinel-shipping-1,2026-08-05 04:45:33.684617+00,2026-08-05 04:45:46.79898+00,{},
167,container_kill,sentinel-payment-1,2026-08-05 05:51:06.013921+00,2026-08-05 05:51:17.407688+00,{},
168,cpu_stress,sentinel-front-end-1,2026-08-05 06:44:40.550048+00,2026-08-05 06:46:13.32203+00,"{""duration_seconds"": 90}",
169,network_delay,sentinel-shipping-1,2026-08-05 08:08:02.498157+00,2026-08-05 08:09:37.582931+00,"{""delay_ms"": 300, ""duration_seconds"": 90}",
170,cpu_stress,sentinel-orders-1,2026-08-05 08:43:44.627331+00,2026-08-05 08:45:16.311992+00,"{""duration_seconds"": 90}",
171,container_kill,sentinel-payment-1,2026-08-05 10:09:10.370257+00,2026-08-05 10:09:23.206038+00,{},
172,cpu_stress,sentinel-catalogue-1,2026-08-05 10:53:49.347818+00,2026-08-05 10:55:20.626401+00,"{""duration_seconds"": 90}",
173,packet_loss,sentinel-catalogue-1,2026-08-05 12:18:16.8058+00,2026-08-05 12:19:51.955805+00,"{""loss_percent"": 40, ""duration_seconds"": 90}",
174,cpu_stress,sentinel-payment-1,2026-08-05 13:20:00.543735+00,2026-08-05 13:21:33.390966+00,"{""duration_seconds"": 90}",
175,container_kill,sentinel-front-end-1,2026-08-05 13:53:14.484233+00,2026-08-05 13:53:27.101914+00,{},
176,container_kill,sentinel-shipping-1,2026-08-05 14:24:32.18574+00,2026-08-05 14:24:45.001216+00,{},
177,packet_loss,sentinel-carts-1,2026-08-05 15:15:47.078445+00,2026-08-05 15:17:22.185118+00,"{""loss_percent"": 40, ""duration_seconds"": 90}",
178,container_kill,sentinel-shipping-1,2026-08-05 15:54:07.279743+00,2026-08-05 15:54:20.381975+00,{},
179,network_delay,sentinel-shipping-1,2026-08-05 16:28:59.457033+00,2026-08-05 16:30:34.635854+00,"{""delay_ms"": 300, ""duration_seconds"": 90}",
180,packet_loss,sentinel-carts-1,2026-08-05 17:26:13.893437+00,2026-08-05 17:27:49.196155+00,"{""loss_percent"": 40, ""duration_seconds"": 90}",
181,packet_loss,sentinel-front-end-1,2026-08-05 18:18:06.290733+00,2026-08-05 18:19:41.373095+00,"{""loss_percent"": 40, ""duration_seconds"": 90}",
182,container_kill,sentinel-orders-1,2026-08-05 19:07:39.460507+00,2026-08-05 19:07:51.978007+00,{},
183,network_delay,sentinel-shipping-1,2026-08-05 20:25:32.188227+00,2026-08-05 20:27:07.255438+00,"{""delay_ms"": 300, ""duration_seconds"": 90}",
184,network_delay,sentinel-catalogue-1,2026-08-05 21:21:59.310141+00,2026-08-05 21:23:34.360058+00,"{""delay_ms"": 300, ""duration_seconds"": 90}",
185,container_kill,sentinel-front-end-1,2026-08-05 22:28:36.300675+00,2026-08-05 22:28:48.307094+00,{},
186,packet_loss,sentinel-shipping-1,2026-08-05 23:20:15.313855+00,2026-08-05 23:21:50.383339+00,"{""loss_percent"": 40, ""duration_seconds"": 90}",
187,network_delay,sentinel-orders-1,2026-08-06 00:25:45.444204+00,2026-08-06 00:27:20.513162+00,"{""delay_ms"": 300, ""duration_seconds"": 90}",
188,packet_loss,sentinel-payment-1,2026-08-06 01:16:19.530506+00,2026-08-06 01:17:54.575267+00,"{""loss_percent"": 40, ""duration_seconds"": 90}",
189,network_delay,sentinel-catalogue-1,2026-08-06 02:21:24.913404+00,2026-08-06 02:22:59.948761+00,"{""delay_ms"": 300, ""duration_seconds"": 90}",
190,network_delay,sentinel-carts-1,2026-08-06 03:03:02.951531+00,2026-08-06 03:04:37.985669+00,"{""delay_ms"": 300, ""duration_seconds"": 90}",
191,container_kill,sentinel-catalogue-1,2026-08-06 04:07:16.020713+00,2026-08-06 04:07:26.780389+00,{},
192,cpu_stress,sentinel-catalogue-1,2026-08-06 04:47:09.801873+00,2026-08-06 04:48:40.438441+00,"{""duration_seconds"": 90}",
193,cpu_stress,sentinel-payment-1,2026-08-06 06:17:24.447933+00,2026-08-06 06:18:55.524545+00,"{""duration_seconds"": 90}",
194,container_kill,sentinel-payment-1,2026-08-06 07:14:49.542425+00,2026-08-06 07:15:00.282335+00,{},
195,packet_loss,sentinel-front-end-1,2026-08-06 08:02:55.301143+00,2026-08-06 08:04:30.340301+00,"{""loss_percent"": 40, ""duration_seconds"": 90}",
196,packet_loss,sentinel-carts-1,2026-08-06 09:10:25.370456+00,2026-08-06 09:12:00.406533+00,"{""loss_percent"": 40, ""duration_seconds"": 90}",
197,network_delay,sentinel-shipping-1,2026-08-06 10:12:20.805769+00,2026-08-06 10:13:55.861575+00,"{""delay_ms"": 300, ""duration_seconds"": 90}",
198,packet_loss,sentinel-carts-1,2026-08-06 11:02:13.914438+00,2026-08-06 11:03:48.997978+00,"{""loss_percent"": 40, ""duration_seconds"": 90}",
199,packet_loss,sentinel-front-end-1,2026-08-06 11:36:57.108708+00,2026-08-06 11:38:32.349927+00,"{""loss_percent"": 40, ""duration_seconds"": 90}",
200,network_delay,sentinel-carts-1,2026-08-06 12:27:02.681892+00,2026-08-06 12:28:37.785961+00,"{""delay_ms"": 300, ""duration_seconds"": 90}",
201,container_kill,sentinel-shipping-1,2026-08-06 13:36:48.882384+00,2026-08-06 13:37:01.354128+00,{},
202,packet_loss,sentinel-front-end-1,2026-08-06 14:53:43.393491+00,2026-08-06 14:55:18.502618+00,"{""loss_percent"": 40, ""duration_seconds"": 90}",
203,packet_loss,sentinel-front-end-1,2026-08-06 16:20:43.044133+00,2026-08-06 16:22:18.125423+00,"{""loss_percent"": 40, ""duration_seconds"": 90}",
204,container_kill,sentinel-orders-1,2026-08-06 17:17:43.277166+00,2026-08-06 17:17:55.510432+00,{},
205,cpu_stress,sentinel-catalogue-1,2026-08-06 18:42:56.665338+00,2026-08-06 18:44:29.925413+00,"{""duration_seconds"": 90}",
206,cpu_stress,sentinel-payment-1,2026-08-06 20:05:33.04676+00,2026-08-06 20:07:04.164569+00,"{""duration_seconds"": 90}",
207,packet_loss,sentinel-catalogue-1,2026-08-06 21:22:18.465234+00,2026-08-06 21:23:53.513378+00,"{""loss_percent"": 40, ""duration_seconds"": 90}",
208,cpu_stress,sentinel-front-end-1,2026-08-06 22:50:51.435466+00,2026-08-06 22:52:23.254839+00,"{""duration_seconds"": 90}",
209,container_kill,sentinel-front-end-1,2026-08-06 23:56:20.282795+00,2026-08-06 23:56:32.133813+00,{},
210,packet_loss,sentinel-payment-1,2026-08-07 00:34:44.16538+00,2026-08-07 00:36:19.238507+00,"{""loss_percent"": 40, ""duration_seconds"": 90}",
211,container_kill,sentinel-catalogue-1,2026-08-07 01:45:33.287365+00,2026-08-07 01:45:44.097704+00,{},
270,container_kill,sentinel-shipping-1,2026-08-09 22:20:11.383499+00,2026-08-09 22:20:24.063395+00,{},
271,container_kill,sentinel-catalogue-1,2026-08-09 23:49:56.596108+00,2026-08-09 23:50:08.066738+00,{},
212,packet_loss,sentinel-shipping-1,2026-08-07 02:37:25.121182+00,2026-08-07 02:39:00.178469+00,"{""loss_percent"": 40, ""duration_seconds"": 90}",
213,container_kill,sentinel-carts-1,2026-08-07 03:25:48.200831+00,2026-08-07 03:26:00.177319+00,{},
214,packet_loss,sentinel-payment-1,2026-08-07 04:47:09.161109+00,2026-08-07 04:48:44.323231+00,"{""loss_percent"": 40, ""duration_seconds"": 90}",
215,cpu_stress,sentinel-orders-1,2026-08-07 05:54:15.335529+00,2026-08-07 05:55:47.29903+00,"{""duration_seconds"": 90}",
216,cpu_stress,sentinel-carts-1,2026-08-07 07:07:58.308487+00,2026-08-07 07:09:30.327473+00,"{""duration_seconds"": 90}",
217,packet_loss,sentinel-catalogue-1,2026-08-07 08:21:13.372232+00,2026-08-07 08:22:48.476411+00,"{""loss_percent"": 40, ""duration_seconds"": 90}",
218,container_kill,sentinel-shipping-1,2026-08-07 09:20:47.623572+00,2026-08-07 09:21:03.043454+00,{},
219,network_delay,sentinel-front-end-1,2026-08-07 10:19:01.443405+00,2026-08-07 10:20:36.48258+00,"{""delay_ms"": 300, ""duration_seconds"": 90}",
220,packet_loss,sentinel-catalogue-1,2026-08-07 11:03:06.481678+00,2026-08-07 11:04:41.524159+00,"{""loss_percent"": 40, ""duration_seconds"": 90}",
221,network_delay,sentinel-shipping-1,2026-08-07 11:44:17.600901+00,2026-08-07 11:45:53.070194+00,"{""delay_ms"": 300, ""duration_seconds"": 90}",
222,packet_loss,sentinel-catalogue-1,2026-08-07 13:07:56.411492+00,2026-08-07 13:09:31.492125+00,"{""loss_percent"": 40, ""duration_seconds"": 90}",
223,packet_loss,sentinel-payment-1,2026-08-07 14:04:55.578138+00,2026-08-07 14:06:30.636049+00,"{""loss_percent"": 40, ""duration_seconds"": 90}",
224,cpu_stress,sentinel-orders-1,2026-08-07 15:19:27.707514+00,2026-08-07 15:21:01.720771+00,"{""duration_seconds"": 90}",
225,cpu_stress,sentinel-front-end-1,2026-08-07 16:14:58.900835+00,2026-08-07 16:16:31.204212+00,"{""duration_seconds"": 90}",
226,container_kill,sentinel-front-end-1,2026-08-07 16:46:52.269626+00,2026-08-07 16:47:04.169465+00,{},
227,cpu_stress,sentinel-shipping-1,2026-08-07 17:39:40.25768+00,2026-08-07 17:41:12.43968+00,"{""duration_seconds"": 90}",
228,packet_loss,sentinel-payment-1,2026-08-07 18:14:47.53179+00,2026-08-07 18:16:22.673196+00,"{""loss_percent"": 40, ""duration_seconds"": 90}",
229,network_delay,sentinel-orders-1,2026-08-07 18:57:34.872242+00,2026-08-07 18:59:10.007126+00,"{""delay_ms"": 300, ""duration_seconds"": 90}",
230,container_kill,sentinel-orders-1,2026-08-07 20:18:19.153347+00,2026-08-07 20:18:31.430162+00,{},
231,packet_loss,sentinel-shipping-1,2026-08-07 21:09:07.530683+00,2026-08-07 21:10:42.62456+00,"{""loss_percent"": 40, ""duration_seconds"": 90}",
232,packet_loss,sentinel-payment-1,2026-08-07 22:38:03.65622+00,2026-08-07 22:39:38.726475+00,"{""loss_percent"": 40, ""duration_seconds"": 90}",
233,cpu_stress,sentinel-payment-1,2026-08-08 00:07:17.924424+00,2026-08-08 00:08:49.071876+00,"{""duration_seconds"": 90}",
234,packet_loss,sentinel-orders-1,2026-08-08 00:50:52.143734+00,2026-08-08 00:52:27.182436+00,"{""loss_percent"": 40, ""duration_seconds"": 90}",
235,packet_loss,sentinel-carts-1,2026-08-08 01:52:08.278387+00,2026-08-08 01:53:43.355265+00,"{""loss_percent"": 40, ""duration_seconds"": 90}",
236,packet_loss,sentinel-front-end-1,2026-08-08 02:51:48.419936+00,2026-08-08 02:53:23.48497+00,"{""loss_percent"": 40, ""duration_seconds"": 90}",
237,network_delay,sentinel-orders-1,2026-08-08 03:27:18.491816+00,2026-08-08 03:28:53.554571+00,"{""delay_ms"": 300, ""duration_seconds"": 90}",
238,network_delay,sentinel-front-end-1,2026-08-08 03:59:52.593962+00,2026-08-08 04:01:27.663695+00,"{""delay_ms"": 300, ""duration_seconds"": 90}",
239,packet_loss,sentinel-orders-1,2026-08-08 04:56:57.698765+00,2026-08-08 04:58:32.800903+00,"{""loss_percent"": 40, ""duration_seconds"": 90}",
240,packet_loss,sentinel-payment-1,2026-08-08 06:03:20.852871+00,2026-08-08 06:04:55.911633+00,"{""loss_percent"": 40, ""duration_seconds"": 90}",
241,container_kill,sentinel-carts-1,2026-08-08 07:30:16.953258+00,2026-08-08 07:30:29.341954+00,{},
242,cpu_stress,sentinel-carts-1,2026-08-08 08:56:18.359845+00,2026-08-08 08:57:50.501715+00,"{""duration_seconds"": 90}",
243,network_delay,sentinel-front-end-1,2026-08-08 09:57:44.562387+00,2026-08-08 09:59:19.703043+00,"{""delay_ms"": 300, ""duration_seconds"": 90}",
244,network_delay,sentinel-orders-1,2026-08-08 11:18:06.80037+00,2026-08-08 11:19:41.913852+00,"{""delay_ms"": 300, ""duration_seconds"": 90}",
245,container_kill,sentinel-payment-1,2026-08-08 12:43:02.469618+00,2026-08-08 12:43:14.10337+00,{},
246,cpu_stress,sentinel-front-end-1,2026-08-08 13:33:26.266124+00,2026-08-08 13:34:58.686693+00,"{""duration_seconds"": 90}",
247,cpu_stress,sentinel-catalogue-1,2026-08-08 14:29:45.851288+00,2026-08-08 14:31:17.092409+00,"{""duration_seconds"": 90}",
248,container_kill,sentinel-payment-1,2026-08-08 15:19:09.261234+00,2026-08-08 15:19:20.635587+00,{},
249,container_kill,sentinel-shipping-1,2026-08-08 16:40:27.775167+00,2026-08-08 16:40:40.9245+00,{},
250,network_delay,sentinel-catalogue-1,2026-08-08 17:15:03.042203+00,2026-08-08 17:16:38.163793+00,"{""delay_ms"": 300, ""duration_seconds"": 90}",
251,network_delay,sentinel-front-end-1,2026-08-08 18:28:33.372645+00,2026-08-08 18:30:08.514508+00,"{""delay_ms"": 300, ""duration_seconds"": 90}",
252,container_kill,sentinel-orders-1,2026-08-08 23:44:14.541648+00,2026-08-08 23:44:26.945101+00,{},
253,container_kill,sentinel-carts-1,2026-08-09 00:37:46.976637+00,2026-08-09 00:37:58.773166+00,{},
254,container_kill,sentinel-carts-1,2026-08-09 01:36:36.799163+00,2026-08-09 01:36:48.811655+00,{},
255,network_delay,sentinel-shipping-1,2026-08-09 03:01:28.799463+00,2026-08-09 03:03:03.935268+00,"{""delay_ms"": 300, ""duration_seconds"": 90}",
256,network_delay,sentinel-catalogue-1,2026-08-09 03:59:38.130875+00,2026-08-09 04:01:13.174261+00,"{""delay_ms"": 300, ""duration_seconds"": 90}",
257,container_kill,sentinel-payment-1,2026-08-09 05:03:48.13283+00,2026-08-09 05:03:59.80566+00,{},
258,packet_loss,sentinel-front-end-1,2026-08-09 06:32:34.126192+00,2026-08-09 06:34:09.160435+00,"{""loss_percent"": 40, ""duration_seconds"": 90}",
259,network_delay,sentinel-orders-1,2026-08-09 07:55:02.12309+00,2026-08-09 07:56:37.162035+00,"{""delay_ms"": 300, ""duration_seconds"": 90}",
260,packet_loss,sentinel-catalogue-1,2026-08-09 09:14:41.164278+00,2026-08-09 09:16:16.199756+00,"{""loss_percent"": 40, ""duration_seconds"": 90}",
261,cpu_stress,sentinel-catalogue-1,2026-08-09 10:43:39.251749+00,2026-08-09 10:45:09.785204+00,"{""duration_seconds"": 90}",
262,cpu_stress,sentinel-orders-1,2026-08-09 12:00:23.826621+00,2026-08-09 12:01:55.322806+00,"{""duration_seconds"": 90}",
263,network_delay,sentinel-front-end-1,2026-08-09 13:26:35.330657+00,2026-08-09 13:28:10.380473+00,"{""delay_ms"": 300, ""duration_seconds"": 90}",
264,packet_loss,sentinel-shipping-1,2026-08-09 14:44:28.673239+00,2026-08-09 14:46:03.734678+00,"{""loss_percent"": 40, ""duration_seconds"": 90}",
265,packet_loss,sentinel-payment-1,2026-08-09 15:29:56.701341+00,2026-08-09 15:31:31.752781+00,"{""loss_percent"": 40, ""duration_seconds"": 90}",
266,container_kill,sentinel-front-end-1,2026-08-09 16:48:56.054105+00,2026-08-09 16:49:08.112599+00,{},
267,packet_loss,sentinel-carts-1,2026-08-09 19:12:32.020875+00,2026-08-09 19:14:07.114717+00,"{""loss_percent"": 40, ""duration_seconds"": 90}",
268,packet_loss,sentinel-orders-1,2026-08-09 20:40:04.575884+00,2026-08-09 20:41:39.654237+00,"{""loss_percent"": 40, ""duration_seconds"": 90}",
269,packet_loss,sentinel-front-end-1,2026-08-09 21:30:34.799218+00,2026-08-09 21:32:20.224755+00,"{""loss_percent"": 40, ""duration_seconds"": 90}",
272,packet_loss,sentinel-front-end-1,2026-08-10 00:30:07.134302+00,2026-08-10 00:31:42.187501+00,"{""loss_percent"": 40, ""duration_seconds"": 90}",
273,cpu_stress,sentinel-carts-1,2026-08-10 01:44:24.334721+00,2026-08-10 01:45:56.255558+00,"{""duration_seconds"": 90}",
274,network_delay,sentinel-carts-1,2026-08-10 02:58:11.336745+00,2026-08-10 02:59:46.420802+00,"{""delay_ms"": 300, ""duration_seconds"": 90}",
275,cpu_stress,sentinel-payment-1,2026-08-10 03:41:24.465742+00,2026-08-10 03:42:55.870884+00,"{""duration_seconds"": 90}",
276,cpu_stress,sentinel-front-end-1,2026-08-10 04:23:27.910992+00,2026-08-10 04:24:59.62533+00,"{""duration_seconds"": 90}",
277,container_kill,sentinel-catalogue-1,2026-08-10 05:15:38.624243+00,2026-08-10 05:15:49.721909+00,{},
278,network_delay,sentinel-carts-1,2026-08-10 05:48:58.794095+00,2026-08-10 05:50:33.857972+00,"{""delay_ms"": 300, ""duration_seconds"": 90}",
279,network_delay,sentinel-payment-1,2026-08-10 06:41:12.354191+00,2026-08-10 06:42:47.404164+00,"{""delay_ms"": 300, ""duration_seconds"": 90}",
280,container_kill,sentinel-catalogue-1,2026-08-10 08:06:05.594064+00,2026-08-10 08:06:17.195002+00,{},
281,packet_loss,sentinel-catalogue-1,2026-08-10 09:22:28.412207+00,2026-08-10 09:24:03.554549+00,"{""loss_percent"": 40, ""duration_seconds"": 90}",
282,packet_loss,sentinel-orders-1,2026-08-10 10:17:48.827864+00,2026-08-10 10:19:23.871712+00,"{""loss_percent"": 40, ""duration_seconds"": 90}",
283,packet_loss,sentinel-catalogue-1,2026-08-10 11:09:00.024052+00,2026-08-10 11:10:35.1152+00,"{""loss_percent"": 40, ""duration_seconds"": 90}",
284,cpu_stress,sentinel-front-end-1,2026-08-10 11:53:53.247138+00,2026-08-10 11:55:25.329888+00,"{""duration_seconds"": 90}",
285,packet_loss,sentinel-front-end-1,2026-08-10 12:47:51.439449+00,2026-08-10 12:49:26.63424+00,"{""loss_percent"": 40, ""duration_seconds"": 90}",
286,container_kill,sentinel-orders-1,2026-08-10 13:47:34.128697+00,2026-08-10 13:47:46.287031+00,{},
287,container_kill,sentinel-orders-1,2026-08-10 14:25:14.415007+00,2026-08-10 14:25:26.449347+00,{},
288,cpu_stress,sentinel-payment-1,2026-08-10 15:50:33.550622+00,2026-08-10 15:52:04.480645+00,"{""duration_seconds"": 90}",
289,packet_loss,sentinel-shipping-1,2026-08-10 17:10:01.148665+00,2026-08-10 17:11:36.270419+00,"{""loss_percent"": 40, ""duration_seconds"": 90}",
290,network_delay,sentinel-carts-1,2026-08-10 18:30:23.343054+00,2026-08-10 18:31:58.69852+00,"{""delay_ms"": 300, ""duration_seconds"": 90}",
291,network_delay,sentinel-payment-1,2026-08-10 19:34:34.071926+00,2026-08-10 19:36:09.668424+00,"{""delay_ms"": 300, ""duration_seconds"": 90}",
292,network_delay,sentinel-payment-1,2026-08-10 21:00:16.752936+00,2026-08-10 21:01:51.823332+00,"{""delay_ms"": 300, ""duration_seconds"": 90}",
293,network_delay,sentinel-shipping-1,2026-08-10 22:19:28.867171+00,2026-08-10 22:21:04.004194+00,"{""delay_ms"": 300, ""duration_seconds"": 90}",
294,cpu_stress,sentinel-orders-1,2026-08-10 23:03:24.977899+00,2026-08-10 23:04:57.100572+00,"{""duration_seconds"": 90}",
295,packet_loss,sentinel-orders-1,2026-08-11 00:00:17.200666+00,2026-08-11 00:01:52.272296+00,"{""loss_percent"": 40, ""duration_seconds"": 90}",
296,network_delay,sentinel-orders-1,2026-08-11 00:41:50.243562+00,2026-08-11 00:43:25.29373+00,"{""delay_ms"": 300, ""duration_seconds"": 90}",
297,container_kill,sentinel-catalogue-1,2026-08-11 01:28:38.248888+00,2026-08-11 01:28:49.085574+00,{},
298,network_delay,sentinel-orders-1,2026-08-11 02:46:16.988784+00,2026-08-11 02:47:52.057393+00,"{""delay_ms"": 300, ""duration_seconds"": 90}",
299,container_kill,sentinel-carts-1,2026-08-11 03:51:57.029363+00,2026-08-11 03:52:08.84474+00,{},
300,cpu_stress,sentinel-orders-1,2026-08-11 04:26:30.867814+00,2026-08-11 04:28:03.126039+00,"{""duration_seconds"": 90}",
301,container_kill,sentinel-carts-1,2026-08-11 13:18:13.367432+00,2026-08-11 13:18:25.091855+00,{},
302,container_kill,sentinel-orders-1,2026-08-11 14:30:32.047458+00,2026-08-11 14:30:43.751774+00,{},
303,container_kill,sentinel-front-end-1,2026-08-11 15:47:35.692355+00,2026-08-11 15:47:47.48308+00,{},
304,packet_loss,sentinel-orders-1,2026-08-11 17:10:14.485896+00,2026-08-11 17:11:49.630918+00,"{""loss_percent"": 40, ""duration_seconds"": 90}",
305,network_delay,sentinel-front-end-1,2026-08-11 17:53:00.712294+00,2026-08-11 17:54:35.829559+00,"{""delay_ms"": 300, ""duration_seconds"": 90}",
306,cpu_stress,sentinel-carts-1,2026-08-11 18:56:09.244639+00,2026-08-11 18:57:41.504633+00,"{""duration_seconds"": 90}",
307,container_kill,sentinel-payment-1,2026-08-11 20:15:15.505677+00,2026-08-11 20:15:26.692056+00,{},
308,packet_loss,sentinel-carts-1,2026-08-11 21:17:27.008405+00,2026-08-11 21:19:02.059493+00,"{""loss_percent"": 40, ""duration_seconds"": 90}",
309,network_delay,sentinel-carts-1,2026-08-11 22:15:15.067994+00,2026-08-11 22:16:50.270882+00,"{""delay_ms"": 300, ""duration_seconds"": 90}",
310,cpu_stress,sentinel-payment-1,2026-08-11 23:06:59.366156+00,2026-08-11 23:08:30.72237+00,"{""duration_seconds"": 90}",
311,container_kill,sentinel-front-end-1,2026-08-11 23:59:18.89473+00,2026-08-11 23:59:30.700159+00,{},
312,network_delay,sentinel-catalogue-1,2026-08-12 00:51:16.766511+00,2026-08-12 00:52:51.847825+00,"{""delay_ms"": 300, ""duration_seconds"": 90}",
313,container_kill,sentinel-payment-1,2026-08-12 02:10:25.957315+00,2026-08-12 02:10:36.689634+00,{},
314,packet_loss,sentinel-front-end-1,2026-08-12 02:40:40.803263+00,2026-08-12 02:42:15.854807+00,"{""loss_percent"": 40, ""duration_seconds"": 90}",
315,cpu_stress,sentinel-orders-1,2026-08-12 04:04:50.955433+00,2026-08-12 04:06:22.739845+00,"{""duration_seconds"": 90}",
316,network_delay,sentinel-orders-1,2026-08-12 05:29:31.853384+00,2026-08-12 05:31:06.931521+00,"{""delay_ms"": 300, ""duration_seconds"": 90}",
317,network_delay,sentinel-front-end-1,2026-08-12 11:02:49.442307+00,2026-08-12 11:04:24.534231+00,"{""delay_ms"": 300, ""duration_seconds"": 90}",
318,container_kill,sentinel-payment-1,2026-08-12 15:58:42.567068+00,2026-08-12 15:58:59.181071+00,{},
319,packet_loss,sentinel-catalogue-1,2026-08-12 17:16:13.419892+00,2026-08-12 17:17:48.794205+00,"{""loss_percent"": 40, ""duration_seconds"": 90}",
320,network_delay,sentinel-carts-1,2026-08-12 18:45:47.850572+00,2026-08-12 18:47:23.118706+00,"{""delay_ms"": 300, ""duration_seconds"": 90}",
321,network_delay,sentinel-carts-1,2026-08-12 19:22:02.222061+00,2026-08-12 19:23:37.285766+00,"{""delay_ms"": 300, ""duration_seconds"": 90}",
322,container_kill,sentinel-front-end-1,2026-08-12 20:27:39.330165+00,2026-08-12 20:27:53.838733+00,{},
323,network_delay,sentinel-carts-1,2026-08-12 21:36:40.982647+00,2026-08-12 21:38:16.12556+00,"{""delay_ms"": 300, ""duration_seconds"": 90}",
324,packet_loss,sentinel-orders-1,2026-08-12 22:14:58.281142+00,2026-08-12 22:16:33.391943+00,"{""loss_percent"": 40, ""duration_seconds"": 90}",
325,packet_loss,sentinel-shipping-1,2026-08-12 22:46:43.789286+00,2026-08-12 22:48:18.848746+00,"{""loss_percent"": 40, ""duration_seconds"": 90}",
326,network_delay,sentinel-orders-1,2026-08-13 00:10:27.996409+00,2026-08-13 00:12:03.086154+00,"{""delay_ms"": 300, ""duration_seconds"": 90}",
327,container_kill,sentinel-front-end-1,2026-08-13 01:19:58.557492+00,2026-08-13 01:20:11.15319+00,{},
328,packet_loss,sentinel-shipping-1,2026-08-13 02:09:40.290584+00,2026-08-13 02:11:15.381271+00,"{""loss_percent"": 40, ""duration_seconds"": 90}",
329,packet_loss,sentinel-front-end-1,2026-08-13 02:45:34.483656+00,2026-08-13 02:47:33.243779+00,"{""loss_percent"": 40, ""duration_seconds"": 90}",
330,container_kill,sentinel-shipping-1,2026-08-13 03:56:06.768169+00,2026-08-13 03:56:19.024078+00,{},
331,packet_loss,sentinel-orders-1,2026-08-13 04:30:44.104034+00,2026-08-13 04:32:19.168346+00,"{""loss_percent"": 40, ""duration_seconds"": 90}",
332,network_delay,sentinel-payment-1,2026-08-13 05:05:03.285531+00,2026-08-13 05:06:38.345707+00,"{""delay_ms"": 300, ""duration_seconds"": 90}",
365,packet_loss,sentinel-catalogue-1,2026-08-13 06:17:43.804525+00,2026-08-13 06:19:18.880705+00,"{""loss_percent"": 40, ""duration_seconds"": 90}",
366,container_kill,sentinel-payment-1,2026-08-13 07:28:21.069681+00,2026-08-13 07:28:32.427624+00,{},
367,packet_loss,sentinel-front-end-1,2026-08-13 08:36:42.946138+00,2026-08-13 08:38:18.056778+00,"{""loss_percent"": 40, ""duration_seconds"": 90}",
368,container_kill,sentinel-carts-1,2026-08-13 09:56:37.158116+00,2026-08-13 09:56:54.288345+00,{},
369,container_kill,sentinel-payment-1,2026-08-13 11:01:45.373688+00,2026-08-13 11:01:59.971491+00,{},
370,packet_loss,sentinel-payment-1,2026-08-13 12:28:23.101228+00,2026-08-13 12:29:58.177642+00,"{""loss_percent"": 40, ""duration_seconds"": 90}",
371,container_kill,sentinel-catalogue-1,2026-08-13 13:35:19.193754+00,2026-08-13 13:35:29.864542+00,{},
372,packet_loss,sentinel-shipping-1,2026-08-13 14:19:05.869991+00,2026-08-13 14:20:40.896154+00,"{""loss_percent"": 40, ""duration_seconds"": 90}",
373,container_kill,sentinel-orders-1,2026-08-13 15:04:27.954727+00,2026-08-13 15:04:41.419462+00,{},
374,packet_loss,sentinel-carts-1,2026-08-13 16:05:07.438838+00,2026-08-13 16:06:42.516103+00,"{""loss_percent"": 40, ""duration_seconds"": 90}",
375,container_kill,sentinel-front-end-1,2026-08-13 16:58:30.565751+00,2026-08-13 16:58:42.541836+00,{},
376,packet_loss,sentinel-shipping-1,2026-08-13 18:26:28.700343+00,2026-08-13 18:28:03.79777+00,"{""loss_percent"": 40, ""duration_seconds"": 90}",
377,packet_loss,sentinel-shipping-1,2026-08-13 19:15:51.212287+00,2026-08-13 19:17:26.727963+00,"{""loss_percent"": 40, ""duration_seconds"": 90}",
378,network_delay,sentinel-orders-1,2026-08-13 20:18:09.0827+00,2026-08-13 20:19:44.154582+00,"{""delay_ms"": 300, ""duration_seconds"": 90}",
379,cpu_stress,sentinel-orders-1,2026-08-13 21:09:35.289784+00,2026-08-13 21:11:07.540047+00,"{""duration_seconds"": 90}",
380,network_delay,sentinel-shipping-1,2026-08-13 22:23:43.197811+00,2026-08-13 22:25:18.777364+00,"{""delay_ms"": 300, ""duration_seconds"": 90}",
381,packet_loss,sentinel-carts-1,2026-08-13 23:41:49.815067+00,2026-08-13 23:43:24.874545+00,"{""loss_percent"": 40, ""duration_seconds"": 90}",
382,container_kill,sentinel-catalogue-1,2026-08-14 00:17:01.942317+00,2026-08-14 00:17:12.565983+00,{},
383,cpu_stress,sentinel-carts-1,2026-08-14 01:20:22.940858+00,2026-08-14 01:21:54.63836+00,"{""duration_seconds"": 90}",
384,packet_loss,sentinel-catalogue-1,2026-08-14 02:25:05.673995+00,2026-08-14 02:26:40.737107+00,"{""loss_percent"": 40, ""duration_seconds"": 90}",
385,network_delay,sentinel-shipping-1,2026-08-14 03:15:11.854687+00,2026-08-14 03:16:46.905494+00,"{""delay_ms"": 300, ""duration_seconds"": 90}",
386,packet_loss,sentinel-orders-1,2026-08-14 04:30:14.954317+00,2026-08-14 04:31:50.002331+00,"{""loss_percent"": 40, ""duration_seconds"": 90}",
387,network_delay,sentinel-front-end-1,2026-08-14 06:01:07.506019+00,2026-08-14 06:02:42.543916+00,"{""delay_ms"": 300, ""duration_seconds"": 90}",
388,packet_loss,sentinel-catalogue-1,2026-08-14 08:48:51.32038+00,2026-08-14 08:50:26.368862+00,"{""loss_percent"": 40, ""duration_seconds"": 90}",
389,packet_loss,sentinel-catalogue-1,2026-08-14 14:21:23.19505+00,2026-08-14 14:22:58.260973+00,"{""loss_percent"": 40, ""duration_seconds"": 90}",
390,container_kill,sentinel-front-end-1,2026-08-14 15:13:25.734174+00,2026-08-14 15:13:37.814387+00,{},
391,network_delay,sentinel-orders-1,2026-08-14 16:16:08.069571+00,2026-08-14 16:17:43.270025+00,"{""delay_ms"": 300, ""duration_seconds"": 90}",
392,packet_loss,sentinel-shipping-1,2026-08-14 17:46:54.552093+00,2026-08-14 17:48:29.621356+00,"{""loss_percent"": 40, ""duration_seconds"": 90}",
393,network_delay,sentinel-catalogue-1,2026-08-14 18:25:58.715055+00,2026-08-14 18:27:33.741582+00,"{""delay_ms"": 300, ""duration_seconds"": 90}",
394,cpu_stress,sentinel-front-end-1,2026-08-14 19:47:47.05455+00,2026-08-14 19:49:28.120563+00,"{""duration_seconds"": 90}",
395,cpu_stress,sentinel-front-end-1,2026-08-14 20:30:47.647762+00,2026-08-14 20:32:19.407712+00,"{""duration_seconds"": 90}",
396,cpu_stress,sentinel-payment-1,2026-08-14 21:14:38.541908+00,2026-08-14 21:16:09.675132+00,"{""duration_seconds"": 90}",
397,container_kill,sentinel-catalogue-1,2026-08-14 22:19:13.770587+00,2026-08-14 22:19:25.723517+00,{},
398,packet_loss,sentinel-catalogue-1,2026-08-14 23:09:10.143911+00,2026-08-14 23:10:45.214857+00,"{""loss_percent"": 40, ""duration_seconds"": 90}",
399,packet_loss,sentinel-front-end-1,2026-08-14 23:56:30.297886+00,2026-08-14 23:58:05.361876+00,"{""loss_percent"": 40, ""duration_seconds"": 90}",
400,packet_loss,sentinel-front-end-1,2026-08-15 01:12:47.467967+00,2026-08-15 01:14:22.543081+00,"{""loss_percent"": 40, ""duration_seconds"": 90}",
401,packet_loss,sentinel-carts-1,2026-08-15 01:58:19.111119+00,2026-08-15 01:59:54.309046+00,"{""loss_percent"": 40, ""duration_seconds"": 90}",
402,container_kill,sentinel-shipping-1,2026-08-15 03:10:47.721671+00,2026-08-15 03:10:59.53763+00,{},
403,network_delay,sentinel-orders-1,2026-08-15 04:09:33.819511+00,2026-08-15 04:11:08.864688+00,"{""delay_ms"": 300, ""duration_seconds"": 90}",
404,packet_loss,sentinel-carts-1,2026-08-15 05:20:39.951826+00,2026-08-15 05:22:15.022129+00,"{""loss_percent"": 40, ""duration_seconds"": 90}",
405,container_kill,sentinel-catalogue-1,2026-08-15 05:52:21.106648+00,2026-08-15 05:52:32.321116+00,{},
406,container_kill,sentinel-orders-1,2026-08-15 06:38:28.477226+00,2026-08-15 06:38:45.007886+00,{},
407,network_delay,sentinel-payment-1,2026-08-15 07:19:14.187644+00,2026-08-15 07:20:49.334577+00,"{""delay_ms"": 300, ""duration_seconds"": 90}",
408,container_kill,sentinel-catalogue-1,2026-08-15 08:25:08.818476+00,2026-08-15 08:25:19.78683+00,{},
409,container_kill,sentinel-carts-1,2026-08-15 09:07:50.862029+00,2026-08-15 09:08:02.93974+00,{},
410,cpu_stress,sentinel-orders-1,2026-08-15 10:28:34.078577+00,2026-08-15 10:30:08.69804+00,"{""duration_seconds"": 90}",
411,network_delay,sentinel-shipping-1,2026-08-15 11:19:46.257501+00,2026-08-15 11:21:21.383614+00,"{""delay_ms"": 300, ""duration_seconds"": 90}",
412,network_delay,sentinel-payment-1,2026-08-15 12:32:08.677523+00,2026-08-15 12:33:43.800637+00,"{""delay_ms"": 300, ""duration_seconds"": 90}",
413,packet_loss,sentinel-shipping-1,2026-08-15 13:48:21.42706+00,2026-08-15 13:49:56.585448+00,"{""loss_percent"": 40, ""duration_seconds"": 90}",
